Source,Target,Link
https://www.youtube.com/user/CinemaSins/videos,https://www.youtube.com/watch?v=yeX87vhI_kg,1
https://www.youtube.com/user/CinemaSins/videos,https://www.youtube.com/watch?v=m-MIiC94STA,1
https://www.youtube.com/user/CinemaSins/videos,https://www.youtube.com/watch?v=GMpA-WBMEiI,1
https://www.youtube.com/user/CinemaSins/videos,https://www.youtube.com/watch?v=Q69xwIb47HI,1
https://www.youtube.com/user/CinemaSins/videos,https://www.youtube.com/watch?v=xeiJfP6e-zk,1
https://www.youtube.com/user/CinemaSins/videos,https://www.youtube.com/watch?v=YxRUMeenjvI,1
https://www.youtube.com/user/CinemaSins/videos,https://www.youtube.com/watch?v=FHY9RHIYDvw,1
https://www.youtube.com/user/CinemaSins/videos,https://www.youtube.com/watch?v=xeiJfP6e-zk,1
https://www.youtube.com/user/CinemaSins/videos,https://www.youtube.com/watch?v=yeX87vhI_kg,1
https://www.youtube.com/user/CinemaSins/videos,https://www.youtube.com/watch?v=yeX87vhI_kg,1
https://www.youtube.com/user/CinemaSins/videos,https://www.youtube.com/watch?v=c2qpAsYPkb0,1
https://www.youtube.com/user/CinemaSins/videos,https://www.youtube.com/watch?v=V87YhBRIBOQ,1
https://www.youtube.com/user/CinemaSins/videos,https://www.youtube.com/watch?v=D3EEDi9Cl5g,1
https://www.youtube.com/user/CinemaSins/videos,https://www.youtube.com/watch?v=-Q3gVcCWlZY,1
https://www.youtube.com/user/CinemaSins/videos,https://www.youtube.com/watch?v=YxRUMeenjvI,1
https://www.youtube.com/user/CinemaSins/videos,https://www.youtube.com/watch?v=4pEppxr6pN4,1
https://www.youtube.com/user/CinemaSins/videos,https://www.youtube.com/watch?v=m-MIiC94STA,1
https://www.youtube.com/user/CinemaSins/videos,https://www.youtube.com/watch?v=c2qpAsYPkb0,1
https://www.youtube.com/user/CinemaSins/videos,https://www.youtube.com/watch?v=4pEppxr6pN4,1
https://www.youtube.com/user/CinemaSins/videos,https://www.youtube.com/watch?v=Wi5i9wVAovE,1
https://www.youtube.com/user/CinemaSins/videos,https://www.youtube.com/watch?v=xJPycDTQcjg,1
https://www.youtube.com/user/CinemaSins/videos,https://www.youtube.com/watch?v=D3EEDi9Cl5g,1
https://www.youtube.com/user/CinemaSins/videos,https://www.youtube.com/watch?v=ivJbR3vOJV4,1
https://www.youtube.com/user/CinemaSins/videos,https://www.youtube.com/watch?v=S-8uJoV5mVQ,1
https://www.youtube.com/user/CinemaSins/videos,https://www.youtube.com/watch?v=Wq5VmA6x3d0,1
https://www.youtube.com/user/CinemaSins/videos,https://www.youtube.com/watch?v=qV650HbH3co,1
https://www.youtube.com/user/CinemaSins/videos,https://www.youtube.com/watch?v=ivJbR3vOJV4,1
https://www.youtube.com/user/CinemaSins/videos,https://www.youtube.com/watch?v=xeiJfP6e-zk,1
https://www.youtube.com/user/CinemaSins/videos,https://www.youtube.com/watch?v=OQYyhDAVwbA,1
https://www.youtube.com/user/CinemaSins/videos,https://www.youtube.com/watch?v=ivJbR3vOJV4,1
https://www.youtube.com/user/CinemaSins/videos,https://www.youtube.com/watch?v=m-MIiC94STA,1
https://www.youtube.com/user/CinemaSins/videos,https://www.youtube.com/watch?v=YxRUMeenjvI,1
https://www.youtube.com/user/CinemaSins/videos,https://www.youtube.com/watch?v=qV650HbH3co,1
https://www.youtube.com/user/CinemaSins/videos,https://www.youtube.com/watch?v=qV650HbH3co,1
https://www.youtube.com/user/CinemaSins/videos,https://www.youtube.com/watch?v=Q69xwIb47HI,1
https://www.youtube.com/user/CinemaSins/videos,https://www.youtube.com/watch?v=Q69xwIb47HI,1
https://www.youtube.com/user/CinemaSins/videos,https://www.youtube.com/watch?v=gJsE5Z3OPkM,1
https://www.youtube.com/user/CinemaSins/videos,https://www.youtube.com/watch?v=D3EEDi9Cl5g,1
https://www.youtube.com/user/CinemaSins/videos,https://www.youtube.com/watch?v=GMpA-WBMEiI,1
https://www.youtube.com/user/CinemaSins/videos,https://www.youtube.com/watch?v=xJPycDTQcjg,1
https://www.youtube.com/user/CinemaSins/videos,https://www.youtube.com/watch?v=YxRUMeenjvI,1
https://www.youtube.com/user/CinemaSins/videos,https://www.youtube.com/watch?v=OQYyhDAVwbA,1
https://www.youtube.com/user/CinemaSins/videos,https://www.youtube.com/watch?v=hTQRg8-VvC8,1
https://www.youtube.com/user/CinemaSins/videos,https://www.youtube.com/watch?v=xeiJfP6e-zk,1
https://www.youtube.com/user/CinemaSins/videos,https://www.youtube.com/watch?v=5T7B1eNeXpI,1
https://www.youtube.com/user/CinemaSins/videos,https://www.youtube.com/watch?v=yeX87vhI_kg,1
https://www.youtube.com/user/CinemaSins/videos,https://www.youtube.com/watch?v=Q69xwIb47HI,1
https://www.youtube.com/user/CinemaSins/videos,https://www.youtube.com/watch?v=jAZ6eLhd0U4,1
https://www.youtube.com/user/CinemaSins/videos,https://www.youtube.com/watch?v=Tv9RVZrjZjk,1
https://www.youtube.com/user/CinemaSins/videos,https://www.youtube.com/watch?v=YxRUMeenjvI,1
https://www.youtube.com/user/CinemaSins/videos,https://www.youtube.com/watch?v=Tv9RVZrjZjk,1
https://www.youtube.com/user/CinemaSins/videos,https://www.youtube.com/watch?v=GMpA-WBMEiI,1
https://www.youtube.com/user/CinemaSins/videos,https://www.youtube.com/watch?v=S-8uJoV5mVQ,1
https://www.youtube.com/user/CinemaSins/videos,https://www.youtube.com/watch?v=Q69xwIb47HI,1
https://www.youtube.com/user/CinemaSins/videos,https://www.youtube.com/watch?v=Pn2N49JUzUg,1
https://www.youtube.com/user/CinemaSins/videos,https://www.youtube.com/watch?v=Wq5VmA6x3d0,1
https://www.youtube.com/user/CinemaSins/videos,https://www.youtube.com/watch?v=-Q3gVcCWlZY,1
https://www.youtube.com/user/CinemaSins/videos,https://www.youtube.com/watch?v=Q69xwIb47HI,1
https://www.youtube.com/user/CinemaSins/videos,https://www.youtube.com/watch?v=Wi5i9wVAovE,1
https://www.youtube.com/user/CinemaSins/videos,https://www.youtube.com/watch?v=4pEppxr6pN4,1
https://www.youtube.com/user/CinemaSins/videos,https://www.youtube.com/watch?v=FHY9RHIYDvw,1
https://www.youtube.com/user/CinemaSins/videos,https://www.youtube.com/watch?v=V87YhBRIBOQ,1
https://www.youtube.com/user/CinemaSins/videos,https://www.youtube.com/watch?v=Wq5VmA6x3d0,1
https://www.youtube.com/user/CinemaSins/videos,https://www.youtube.com/watch?v=Tv9RVZrjZjk,1
https://www.youtube.com/user/CinemaSins/videos,https://www.youtube.com/watch?v=9ehNm8c686I,1
https://www.youtube.com/user/CinemaSins/videos,https://www.youtube.com/watch?v=S-8uJoV5mVQ,1
https://www.youtube.com/user/CinemaSins/videos,https://www.youtube.com/watch?v=4pEppxr6pN4,1
https://www.youtube.com/user/CinemaSins/videos,https://www.youtube.com/watch?v=Wq5VmA6x3d0,1
https://www.youtube.com/user/CinemaSins/videos,https://www.youtube.com/watch?v=Tv9RVZrjZjk,1
https://www.youtube.com/user/CinemaSins/videos,https://www.youtube.com/watch?v=xeiJfP6e-zk,1
https://www.youtube.com/user/CinemaSins/videos,https://www.youtube.com/watch?v=yeX87vhI_kg,1
https://www.youtube.com/user/CinemaSins/videos,https://www.youtube.com/watch?v=m-MIiC94STA,1
https://www.youtube.com/user/CinemaSins/videos,https://www.youtube.com/watch?v=Wi5i9wVAovE,1
https://www.youtube.com/user/CinemaSins/videos,https://www.youtube.com/watch?v=Q69xwIb47HI,1
https://www.youtube.com/user/CinemaSins/videos,https://www.youtube.com/watch?v=xJPycDTQcjg,1
https://www.youtube.com/user/CinemaSins/videos,https://www.youtube.com/watch?v=xJPycDTQcjg,1
https://www.youtube.com/user/CinemaSins/videos,https://www.youtube.com/watch?v=5T7B1eNeXpI,1
https://www.youtube.com/user/CinemaSins/videos,https://www.youtube.com/watch?v=GMpA-WBMEiI,1
https://www.youtube.com/user/CinemaSins/videos,https://www.youtube.com/watch?v=xeiJfP6e-zk,1
https://www.youtube.com/user/CinemaSins/videos,https://www.youtube.com/watch?v=qV650HbH3co,1
https://www.youtube.com/user/CinemaSins/videos,https://www.youtube.com/watch?v=J2fIQ0PrSJw,1
https://www.youtube.com/user/CinemaSins/videos,https://www.youtube.com/watch?v=1gElet5V6jQ,1
https://www.youtube.com/user/CinemaSins/videos,https://www.youtube.com/watch?v=-Q3gVcCWlZY,1
https://www.youtube.com/user/CinemaSins/videos,https://www.youtube.com/watch?v=YxRUMeenjvI,1
https://www.youtube.com/user/CinemaSins/videos,https://www.youtube.com/watch?v=m-MIiC94STA,1
https://www.youtube.com/user/CinemaSins/videos,https://www.youtube.com/watch?v=Wi5i9wVAovE,1
https://www.youtube.com/user/CinemaSins/videos,https://www.youtube.com/watch?v=Tv9RVZrjZjk,1
https://www.youtube.com/user/CinemaSins/videos,https://www.youtube.com/watch?v=FHY9RHIYDvw,1
https://www.youtube.com/user/CinemaSins/videos,https://www.youtube.com/watch?v=YxRUMeenjvI,1
https://www.youtube.com/user/CinemaSins/videos,https://www.youtube.com/watch?v=5T7B1eNeXpI,1
https://www.youtube.com/user/CinemaSins/videos,https://www.youtube.com/watch?v=xeiJfP6e-zk,1
https://www.youtube.com/user/CinemaSins/videos,https://www.youtube.com/watch?v=xJPycDTQcjg,1
https://www.youtube.com/user/CinemaSins/videos,https://www.youtube.com/watch?v=hTQRg8-VvC8,1
https://www.youtube.com/user/CinemaSins/videos,https://www.youtube.com/watch?v=4pEppxr6pN4,1
https://www.youtube.com/user/CinemaSins/videos,https://www.youtube.com/watch?v=9ehNm8c686I,1
https://www.youtube.com/user/CinemaSins/videos,https://www.youtube.com/watch?v=BJzYzIFBeQ4,1
https://www.youtube.com/user/CinemaSins/videos,https://www.youtube.com/watch?v=9ehNm8c686I,1
https://www.youtube.com/user/CinemaSins/videos,https://www.youtube.com/watch?v=Q69xwIb47HI,1
https://www.youtube.com/user/CinemaSins/videos,https://www.youtube.com/watch?v=S-8uJoV5mVQ,1
https://www.youtube.com/user/CinemaSins/videos,https://www.youtube.com/watch?v=xeiJfP6e-zk,1
https://www.youtube.com/user/CinemaSins/videos,https://www.youtube.com/watch?v=yeX87vhI_kg,1
https://www.youtube.com/user/CinemaSins/videos,https://www.youtube.com/watch?v=GMpA-WBMEiI,1
https://www.youtube.com/user/CinemaSins/videos,https://www.youtube.com/watch?v=5T7B1eNeXpI,1
https://www.youtube.com/user/CinemaSins/videos,https://www.youtube.com/watch?v=9ehNm8c686I,1
https://www.youtube.com/user/CinemaSins/videos,https://www.youtube.com/watch?v=J2fIQ0PrSJw,1
https://www.youtube.com/user/CinemaSins/videos,https://www.youtube.com/watch?v=ivJbR3vOJV4,1
https://www.youtube.com/user/CinemaSins/videos,https://www.youtube.com/watch?v=4pEppxr6pN4,1
https://www.youtube.com/user/CinemaSins/videos,https://www.youtube.com/watch?v=J2fIQ0PrSJw,1
https://www.youtube.com/user/CinemaSins/videos,https://www.youtube.com/watch?v=xeiJfP6e-zk,1
https://www.youtube.com/user/CinemaSins/videos,https://www.youtube.com/watch?v=xeiJfP6e-zk,1
https://www.youtube.com/user/CinemaSins/videos,https://www.youtube.com/watch?v=YxRUMeenjvI,1
https://www.youtube.com/user/CinemaSins/videos,https://www.youtube.com/watch?v=yeX87vhI_kg,1
https://www.youtube.com/user/CinemaSins/videos,https://www.youtube.com/watch?v=Tv9RVZrjZjk,1
https://www.youtube.com/user/CinemaSins/videos,https://www.youtube.com/watch?v=xeiJfP6e-zk,1
https://www.youtube.com/user/CinemaSins/videos,https://www.youtube.com/watch?v=Pn2N49JUzUg,1
https://www.youtube.com/user/CinemaSins/videos,https://www.youtube.com/watch?v=Pn2N49JUzUg,1
https://www.youtube.com/user/CinemaSins/videos,https://www.youtube.com/watch?v=xJPycDTQcjg,1
https://www.youtube.com/user/CinemaSins/videos,https://www.youtube.com/watch?v=qV650HbH3co,1
https://www.youtube.com/user/CinemaSins/videos,https://www.youtube.com/watch?v=Tv9RVZrjZjk,1
https://www.youtube.com/user/CinemaSins/videos,https://www.youtube.com/watch?v=qV650HbH3co,1
https://www.youtube.com/user/CinemaSins/videos,https://www.youtube.com/watch?v=BJzYzIFBeQ4,1
https://www.youtube.com/user/CinemaSins/videos,https://www.youtube.com/watch?v=m-MIiC94STA,1
https://www.youtube.com/user/CinemaSins/videos,https://www.youtube.com/watch?v=c2qpAsYPkb0,1
https://www.youtube.com/user/CinemaSins/videos,https://www.youtube.com/watch?v=xJPycDTQcjg,1
https://www.youtube.com/user/CinemaSins/videos,https://www.youtube.com/watch?v=Q69xwIb47HI,1
https://www.youtube.com/user/CinemaSins/videos,https://www.youtube.com/watch?v=GMpA-WBMEiI,1
https://www.youtube.com/user/CinemaSins/videos,https://www.youtube.com/watch?v=qV650HbH3co,1
https://www.youtube.com/user/CinemaSins/videos,https://www.youtube.com/watch?v=4pEppxr6pN4,1
https://www.youtube.com/user/CinemaSins/videos,https://www.youtube.com/watch?v=Wq5VmA6x3d0,1
https://www.youtube.com/user/CinemaSins/videos,https://www.youtube.com/watch?v=-Q3gVcCWlZY,1
https://www.youtube.com/user/CinemaSins/videos,https://www.youtube.com/watch?v=Wi5i9wVAovE,1
https://www.youtube.com/user/CinemaSins/videos,https://www.youtube.com/watch?v=GMpA-WBMEiI,1
https://www.youtube.com/user/CinemaSins/videos,https://www.youtube.com/watch?v=FHY9RHIYDvw,1
https://www.youtube.com/user/CinemaSins/videos,https://www.youtube.com/watch?v=Wq5VmA6x3d0,1
https://www.youtube.com/user/CinemaSins/videos,https://www.youtube.com/watch?v=Q69xwIb47HI,1
https://www.youtube.com/user/CinemaSins/videos,https://www.youtube.com/watch?v=gJsE5Z3OPkM,1
https://www.youtube.com/user/CinemaSins/videos,https://www.youtube.com/watch?v=YxRUMeenjvI,1
https://www.youtube.com/user/CinemaSins/videos,https://www.youtube.com/watch?v=Pn2N49JUzUg,1
https://www.youtube.com/user/CinemaSins/videos,https://www.youtube.com/watch?v=FHY9RHIYDvw,1
https://www.youtube.com/user/CinemaSins/videos,https://www.youtube.com/watch?v=Tv9RVZrjZjk,1
https://www.youtube.com/user/CinemaSins/videos,https://www.youtube.com/watch?v=c2qpAsYPkb0,1
https://www.youtube.com/user/CinemaSins/videos,https://www.youtube.com/watch?v=xeiJfP6e-zk,1
https://www.youtube.com/user/CinemaSins/videos,https://www.youtube.com/watch?v=5T7B1eNeXpI,1
https://www.youtube.com/user/CinemaSins/videos,https://www.youtube.com/watch?v=FHY9RHIYDvw,1
https://www.youtube.com/user/CinemaSins/videos,https://www.youtube.com/watch?v=m-MIiC94STA,1
https://www.youtube.com/user/CinemaSins/videos,https://www.youtube.com/watch?v=Tv9RVZrjZjk,1
https://www.youtube.com/user/CinemaSins/videos,https://www.youtube.com/watch?v=xeiJfP6e-zk,1
https://www.youtube.com/user/CinemaSins/videos,https://www.youtube.com/watch?v=xJPycDTQcjg,1
https://www.youtube.com/user/CinemaSins/videos,https://www.youtube.com/watch?v=YxRUMeenjvI,1
https://www.youtube.com/user/CinemaSins/videos,https://www.youtube.com/watch?v=jAZ6eLhd0U4,1
https://www.youtube.com/user/CinemaSins/videos,https://www.youtube.com/watch?v=GMpA-WBMEiI,1
https://www.youtube.com/user/CinemaSins/videos,https://www.youtube.com/watch?v=4pEppxr6pN4,1
https://www.youtube.com/user/CinemaSins/videos,https://www.youtube.com/watch?v=-Q3gVcCWlZY,1
https://www.youtube.com/user/CinemaSins/videos,https://www.youtube.com/watch?v=Q69xwIb47HI,1
https://www.youtube.com/user/CinemaSins/videos,https://www.youtube.com/watch?v=yeX87vhI_kg,1
https://www.youtube.com/user/CinemaSins/videos,https://www.youtube.com/watch?v=Tv9RVZrjZjk,1
https://www.youtube.com/user/CinemaSins/videos,https://www.youtube.com/watch?v=Tv9RVZrjZjk,1
https://www.youtube.com/user/CinemaSins/videos,https://www.youtube.com/watch?v=ivJbR3vOJV4,1
https://www.youtube.com/user/CinemaSins/videos,https://www.youtube.com/watch?v=Pn2N49JUzUg,1
https://www.youtube.com/user/CinemaSins/videos,https://www.youtube.com/watch?v=jAZ6eLhd0U4,1
https://www.youtube.com/user/CinemaSins/videos,https://www.youtube.com/watch?v=Q69xwIb47HI,1
https://www.youtube.com/user/CinemaSins/videos,https://www.youtube.com/watch?v=yeX87vhI_kg,1
https://www.youtube.com/user/CinemaSins/videos,https://www.youtube.com/watch?v=J2fIQ0PrSJw,1
https://www.youtube.com/user/CinemaSins/videos,https://www.youtube.com/watch?v=5T7B1eNeXpI,1
https://www.youtube.com/user/CinemaSins/videos,https://www.youtube.com/watch?v=qV650HbH3co,1
https://www.youtube.com/user/CinemaSins/videos,https://www.youtube.com/watch?v=GMpA-WBMEiI,1
https://www.youtube.com/user/CinemaSins/videos,https://www.youtube.com/watch?v=Wq5VmA6x3d0,1
https://www.youtube.com/user/CinemaSins/videos,https://www.youtube.com/watch?v=xeiJfP6e-zk,1
https://www.youtube.com/user/CinemaSins/videos,https://www.youtube.com/watch?v=xeiJfP6e-zk,1
https://www.youtube.com/user/CinemaSins/videos,https://www.youtube.com/watch?v=gJsE5Z3OPkM,1
https://www.youtube.com/user/CinemaSins/videos,https://www.youtube.com/watch?v=BJzYzIFBeQ4,1
https://www.youtube.com/user/CinemaSins/videos,https://www.youtube.com/watch?v=4pEppxr6pN4,1
https://www.youtube.com/user/CinemaSins/videos,https://www.youtube.com/watch?v=GMpA-WBMEiI,1
https://www.youtube.com/user/CinemaSins/videos,https://www.youtube.com/watch?v=BJzYzIFBeQ4,1
https://www.youtube.com/user/CinemaSins/videos,https://www.youtube.com/watch?v=D3EEDi9Cl5g,1
https://www.youtube.com/user/CinemaSins/videos,https://www.youtube.com/watch?v=jAZ6eLhd0U4,1
https://www.youtube.com/user/CinemaSins/videos,https://www.youtube.com/watch?v=-Q3gVcCWlZY,1
https://www.youtube.com/user/CinemaSins/videos,https://www.youtube.com/watch?v=qV650HbH3co,1
https://www.youtube.com/user/CinemaSins/videos,https://www.youtube.com/watch?v=YxRUMeenjvI,1
https://www.youtube.com/user/CinemaSins/videos,https://www.youtube.com/watch?v=yeX87vhI_kg,1
https://www.youtube.com/user/CinemaSins/videos,https://www.youtube.com/watch?v=jAZ6eLhd0U4,1
https://www.youtube.com/user/CinemaSins/videos,https://www.youtube.com/watch?v=Q69xwIb47HI,1
https://www.youtube.com/user/CinemaSins/videos,https://www.youtube.com/watch?v=xeiJfP6e-zk,1
https://www.youtube.com/user/CinemaSins/videos,https://www.youtube.com/watch?v=jAZ6eLhd0U4,1
https://www.youtube.com/user/CinemaSins/videos,https://www.youtube.com/watch?v=xeiJfP6e-zk,1
https://www.youtube.com/user/CinemaSins/videos,https://www.youtube.com/watch?v=Pn2N49JUzUg,1
https://www.youtube.com/user/CinemaSins/videos,https://www.youtube.com/watch?v=D3EEDi9Cl5g,1
https://www.youtube.com/user/CinemaSins/videos,https://www.youtube.com/watch?v=S-8uJoV5mVQ,1
https://www.youtube.com/user/CinemaSins/videos,https://www.youtube.com/watch?v=gJsE5Z3OPkM,1
https://www.youtube.com/user/CinemaSins/videos,https://www.youtube.com/watch?v=FHY9RHIYDvw,1
https://www.youtube.com/user/CinemaSins/videos,https://www.youtube.com/watch?v=Q69xwIb47HI,1
https://www.youtube.com/user/CinemaSins/videos,https://www.youtube.com/watch?v=Wq5VmA6x3d0,1
https://www.youtube.com/user/CinemaSins/videos,https://www.youtube.com/watch?v=1gElet5V6jQ,1
https://www.youtube.com/user/CinemaSins/videos,https://www.youtube.com/watch?v=GMpA-WBMEiI,1
https://www.youtube.com/user/CinemaSins/videos,https://www.youtube.com/watch?v=-Q3gVcCWlZY,1
https://www.youtube.com/user/CinemaSins/videos,https://www.youtube.com/watch?v=BJzYzIFBeQ4,1
https://www.youtube.com/user/CinemaSins/videos,https://www.youtube.com/watch?v=xeiJfP6e-zk,1
https://www.youtube.com/user/CinemaSins/videos,https://www.youtube.com/watch?v=gJsE5Z3OPkM,1
https://www.youtube.com/user/CinemaSins/videos,https://www.youtube.com/watch?v=Wi5i9wVAovE,1
https://www.youtube.com/user/CinemaSins/videos,https://www.youtube.com/watch?v=S-8uJoV5mVQ,1
https://www.youtube.com/user/CinemaSins/videos,https://www.youtube.com/watch?v=c2qpAsYPkb0,1
https://www.youtube.com/user/CinemaSins/videos,https://www.youtube.com/watch?v=YxRUMeenjvI,1
https://www.youtube.com/user/CinemaSins/videos,https://www.youtube.com/watch?v=xJPycDTQcjg,1
https://www.youtube.com/user/CinemaSins/videos,https://www.youtube.com/watch?v=qV650HbH3co,1
https://www.youtube.com/user/CinemaSins/videos,https://www.youtube.com/watch?v=m-MIiC94STA,1
https://www.youtube.com/user/CinemaSins/videos,https://www.youtube.com/watch?v=1gElet5V6jQ,1
https://www.youtube.com/user/CinemaSins/videos,https://www.youtube.com/watch?v=4pEppxr6pN4,1
https://www.youtube.com/user/CinemaSins/videos,https://www.youtube.com/watch?v=BJzYzIFBeQ4,1
https://www.youtube.com/user/CinemaSins/videos,https://www.youtube.com/watch?v=V87YhBRIBOQ,1
https://www.youtube.com/user/CinemaSins/videos,https://www.youtube.com/watch?v=yeX87vhI_kg,1
https://www.youtube.com/user/CinemaSins/videos,https://www.youtube.com/watch?v=Pn2N49JUzUg,1
https://www.youtube.com/user/CinemaSins/videos,https://www.youtube.com/watch?v=D3EEDi9Cl5g,1
https://www.youtube.com/user/CinemaSins/videos,https://www.youtube.com/watch?v=gJsE5Z3OPkM,1
https://www.youtube.com/user/CinemaSins/videos,https://www.youtube.com/watch?v=qV650HbH3co,1
https://www.youtube.com/user/CinemaSins/videos,https://www.youtube.com/watch?v=xeiJfP6e-zk,1
https://www.youtube.com/user/CinemaSins/videos,https://www.youtube.com/watch?v=qV650HbH3co,1
https://www.youtube.com/user/CinemaSins/videos,https://www.youtube.com/watch?v=1gElet5V6jQ,1
https://www.youtube.com/user/CinemaSins/videos,https://www.youtube.com/watch?v=1gElet5V6jQ,1
https://www.youtube.com/user/CinemaSins/videos,https://www.youtube.com/watch?v=xJPycDTQcjg,1
https://www.youtube.com/user/CinemaSins/videos,https://www.youtube.com/watch?v=Tv9RVZrjZjk,1
https://www.youtube.com/user/CinemaSins/videos,https://www.youtube.com/watch?v=Q69xwIb47HI,1
https://www.youtube.com/user/CinemaSins/videos,https://www.youtube.com/watch?v=m-MIiC94STA,1
https://www.youtube.com/user/CinemaSins/videos,https://www.youtube.com/watch?v=S-8uJoV5mVQ,1
https://www.youtube.com/user/CinemaSins/videos,https://www.youtube.com/watch?v=kBXlwM8AnME,1
https://www.youtube.com/user/CinemaSins/videos,https://www.youtube.com/watch?v=YxRUMeenjvI,1
https://www.youtube.com/user/CinemaSins/videos,https://www.youtube.com/watch?v=hTQRg8-VvC8,1
https://www.youtube.com/user/CinemaSins/videos,https://www.youtube.com/watch?v=m-MIiC94STA,1
https://www.youtube.com/user/CinemaSins/videos,https://www.youtube.com/watch?v=Wi5i9wVAovE,1
https://www.youtube.com/user/CinemaSins/videos,https://www.youtube.com/watch?v=gJsE5Z3OPkM,1
https://www.youtube.com/user/CinemaSins/videos,https://www.youtube.com/watch?v=qV650HbH3co,1
https://www.youtube.com/user/CinemaSins/videos,https://www.youtube.com/watch?v=V87YhBRIBOQ,1
https://www.youtube.com/user/CinemaSins/videos,https://www.youtube.com/watch?v=5T7B1eNeXpI,1
https://www.youtube.com/user/CinemaSins/videos,https://www.youtube.com/watch?v=YxRUMeenjvI,1
https://www.youtube.com/user/CinemaSins/videos,https://www.youtube.com/watch?v=c2qpAsYPkb0,1
https://www.youtube.com/user/CinemaSins/videos,https://www.youtube.com/watch?v=GMpA-WBMEiI,1
https://www.youtube.com/user/CinemaSins/videos,https://www.youtube.com/watch?v=V87YhBRIBOQ,1
https://www.youtube.com/user/CinemaSins/videos,https://www.youtube.com/watch?v=OQYyhDAVwbA,1
https://www.youtube.com/user/CinemaSins/videos,https://www.youtube.com/watch?v=1gElet5V6jQ,1
https://www.youtube.com/user/CinemaSins/videos,https://www.youtube.com/watch?v=5T7B1eNeXpI,1
https://www.youtube.com/user/CinemaSins/videos,https://www.youtube.com/watch?v=m-MIiC94STA,1
https://www.youtube.com/user/CinemaSins/videos,https://www.youtube.com/watch?v=qV650HbH3co,1
https://www.youtube.com/user/CinemaSins/videos,https://www.youtube.com/watch?v=4pEppxr6pN4,1
https://www.youtube.com/user/CinemaSins/videos,https://www.youtube.com/watch?v=4pEppxr6pN4,1
https://www.youtube.com/user/CinemaSins/videos,https://www.youtube.com/watch?v=D3EEDi9Cl5g,1
https://www.youtube.com/user/CinemaSins/videos,https://www.youtube.com/watch?v=V87YhBRIBOQ,1
https://www.youtube.com/user/CinemaSins/videos,https://www.youtube.com/watch?v=c2qpAsYPkb0,1
https://www.youtube.com/user/CinemaSins/videos,https://www.youtube.com/watch?v=FHY9RHIYDvw,1
https://www.youtube.com/user/CinemaSins/videos,https://www.youtube.com/watch?v=J2fIQ0PrSJw,1
https://www.youtube.com/user/CinemaSins/videos,https://www.youtube.com/watch?v=ivJbR3vOJV4,1
https://www.youtube.com/user/CinemaSins/videos,https://www.youtube.com/watch?v=ivJbR3vOJV4,1
https://www.youtube.com/user/CinemaSins/videos,https://www.youtube.com/watch?v=c2qpAsYPkb0,1
https://www.youtube.com/user/CinemaSins/videos,https://www.youtube.com/watch?v=YxRUMeenjvI,1
https://www.youtube.com/user/CinemaSins/videos,https://www.youtube.com/watch?v=m-MIiC94STA,1
https://www.youtube.com/user/CinemaSins/videos,https://www.youtube.com/watch?v=xJPycDTQcjg,1
https://www.youtube.com/user/CinemaSins/videos,https://www.youtube.com/watch?v=qV650HbH3co,1
https://www.youtube.com/user/CinemaSins/videos,https://www.youtube.com/watch?v=gJsE5Z3OPkM,1
https://www.youtube.com/user/CinemaSins/videos,https://www.youtube.com/watch?v=J2fIQ0PrSJw,1
https://www.youtube.com/user/CinemaSins/videos,https://www.youtube.com/watch?v=hTQRg8-VvC8,1
https://www.youtube.com/user/CinemaSins/videos,https://www.youtube.com/watch?v=xJPycDTQcjg,1
https://www.youtube.com/user/CinemaSins/videos,https://www.youtube.com/watch?v=Wi5i9wVAovE,1
https://www.youtube.com/user/CinemaSins/videos,https://www.youtube.com/watch?v=V87YhBRIBOQ,1
https://www.youtube.com/user/CinemaSins/videos,https://www.youtube.com/watch?v=BJzYzIFBeQ4,1
https://www.youtube.com/user/CinemaSins/videos,https://www.youtube.com/watch?v=xeiJfP6e-zk,1
https://www.youtube.com/user/CinemaSins/videos,https://www.youtube.com/watch?v=ivJbR3vOJV4,1
https://www.youtube.com/user/CinemaSins/videos,https://www.youtube.com/watch?v=OQYyhDAVwbA,1
https://www.youtube.com/user/CinemaSins/videos,https://www.youtube.com/watch?v=jAZ6eLhd0U4,1
https://www.youtube.com/user/CinemaSins/videos,https://www.youtube.com/watch?v=Pn2N49JUzUg,1
https://www.youtube.com/user/CinemaSins/videos,https://www.youtube.com/watch?v=ivJbR3vOJV4,1
https://www.youtube.com/user/CinemaSins/videos,https://www.youtube.com/watch?v=Tv9RVZrjZjk,1
https://www.youtube.com/user/CinemaSins/videos,https://www.youtube.com/watch?v=M3Y_B7fNmjA,1
https://www.youtube.com/user/CinemaSins/videos,https://www.youtube.com/watch?v=In0CU7P_970,1
https://www.youtube.com/user/CinemaSins/videos,https://www.youtube.com/watch?v=8DFfSpElNQg,1
https://www.youtube.com/user/CinemaSins/videos,https://www.youtube.com/watch?v=W529m44OT0Y,1
https://www.youtube.com/user/CinemaSins/videos,https://www.youtube.com/watch?v=XPL7U4suE2U,1
https://www.youtube.com/user/CinemaSins/videos,https://www.youtube.com/watch?v=QZ6KIK7taGc,1
https://www.youtube.com/user/CinemaSins/videos,https://www.youtube.com/watch?v=OEDGBPjXe44,1
https://www.youtube.com/user/CinemaSins/videos,https://www.youtube.com/watch?v=kUOXwRhZrkw,1
https://www.youtube.com/user/CinemaSins/videos,https://www.youtube.com/watch?v=KSKJKLmAqpI,1
https://www.youtube.com/user/CinemaSins/videos,https://www.youtube.com/watch?v=Z_vvCIcJuSI,1
https://www.youtube.com/user/CinemaSins/videos,https://www.youtube.com/watch?v=u2ivR5B1PVs,1
https://www.youtube.com/user/CinemaSins/videos,https://www.youtube.com/watch?v=CUDyr9b8aKY,1
https://www.youtube.com/user/CinemaSins/videos,https://www.youtube.com/watch?v=QZ6KIK7taGc,1
https://www.youtube.com/user/CinemaSins/videos,https://www.youtube.com/watch?v=CUDyr9b8aKY,1
https://www.youtube.com/user/CinemaSins/videos,https://www.youtube.com/watch?v=E3tt0FhFe1U,1
https://www.youtube.com/user/CinemaSins/videos,https://www.youtube.com/watch?v=uuCo7mHUQJs,1
https://www.youtube.com/user/CinemaSins/videos,https://www.youtube.com/watch?v=lzT5niqr8YA,1
https://www.youtube.com/user/CinemaSins/videos,https://www.youtube.com/watch?v=W529m44OT0Y,1
https://www.youtube.com/user/CinemaSins/videos,https://www.youtube.com/watch?v=Vk3DwEcy_70,1
https://www.youtube.com/user/CinemaSins/videos,https://www.youtube.com/watch?v=Q69xwIb47HI,1
https://www.youtube.com/user/CinemaSins/videos,https://www.youtube.com/watch?v=QoiEbK2K5G4,1
https://www.youtube.com/user/CinemaSins/videos,https://www.youtube.com/watch?v=OEDGBPjXe44,1
https://www.youtube.com/user/CinemaSins/videos,https://www.youtube.com/watch?v=jz_gA1IjDW4,1
https://www.youtube.com/user/CinemaSins/videos,https://www.youtube.com/watch?v=QZ6KIK7taGc,1
https://www.youtube.com/user/CinemaSins/videos,https://www.youtube.com/watch?v=In0CU7P_970,1
https://www.youtube.com/user/CinemaSins/videos,https://www.youtube.com/watch?v=KSKJKLmAqpI,1
https://www.youtube.com/user/CinemaSins/videos,https://www.youtube.com/watch?v=Z_vvCIcJuSI,1
https://www.youtube.com/user/CinemaSins/videos,https://www.youtube.com/watch?v=nPsWI6c5ayI,1
https://www.youtube.com/user/CinemaSins/videos,https://www.youtube.com/watch?v=zs4ELJwA5D8,1
https://www.youtube.com/user/CinemaSins/videos,https://www.youtube.com/watch?v=7-9siP1qkGI,1
https://www.youtube.com/user/CinemaSins/videos,https://www.youtube.com/watch?v=WfB_JyAr5tE,1
https://www.youtube.com/user/CinemaSins/videos,https://www.youtube.com/watch?v=a1ACsKff_sY,1
https://www.youtube.com/user/CinemaSins/videos,https://www.youtube.com/watch?v=V--gH9ayR-o,1
https://www.youtube.com/user/CinemaSins/videos,https://www.youtube.com/watch?v=FbWOEpLFYbU,1
https://www.youtube.com/user/CinemaSins/videos,https://www.youtube.com/watch?v=CUDyr9b8aKY,1
https://www.youtube.com/user/CinemaSins/videos,https://www.youtube.com/watch?v=AohOD6F_rwA,1
https://www.youtube.com/user/CinemaSins/videos,https://www.youtube.com/watch?v=WfB_JyAr5tE,1
https://www.youtube.com/user/CinemaSins/videos,https://www.youtube.com/watch?v=IX7JTmv6TYw,1
https://www.youtube.com/user/CinemaSins/videos,https://www.youtube.com/watch?v=tsxmyL7TUJg,1
https://www.youtube.com/user/CinemaSins/videos,https://www.youtube.com/watch?v=KSKJKLmAqpI,1
https://www.youtube.com/user/CinemaSins/videos,https://www.youtube.com/watch?v=DcGwPBN4_Ec,1
https://www.youtube.com/user/CinemaSins/videos,https://www.youtube.com/watch?v=FZ7rIFGuGMk,1
https://www.youtube.com/user/CinemaSins/videos,https://www.youtube.com/watch?v=AlGixkdKm_Y,1
https://www.youtube.com/user/CinemaSins/videos,https://www.youtube.com/watch?v=5yTxSxLHYl4,1
https://www.youtube.com/user/CinemaSins/videos,https://www.youtube.com/watch?v=CUDyr9b8aKY,1
https://www.youtube.com/user/CinemaSins/videos,https://www.youtube.com/watch?v=W529m44OT0Y,1
https://www.youtube.com/user/CinemaSins/videos,https://www.youtube.com/watch?v=lzT5niqr8YA,1
https://www.youtube.com/user/CinemaSins/videos,https://www.youtube.com/watch?v=fo6MBMkQ8s0,1
https://www.youtube.com/user/CinemaSins/videos,https://www.youtube.com/watch?v=NbufQhdXw20,1
https://www.youtube.com/user/CinemaSins/videos,https://www.youtube.com/watch?v=KSKJKLmAqpI,1
https://www.youtube.com/user/CinemaSins/videos,https://www.youtube.com/watch?v=ekNjcWNfgDg,1
https://www.youtube.com/user/CinemaSins/videos,https://www.youtube.com/watch?v=KSKJKLmAqpI,1
https://www.youtube.com/user/CinemaSins/videos,https://www.youtube.com/watch?v=M3Y_B7fNmjA,1
https://www.youtube.com/user/CinemaSins/videos,https://www.youtube.com/watch?v=93YVRWQcQh8,1
https://www.youtube.com/user/CinemaSins/videos,https://www.youtube.com/watch?v=Hw4kbo2K6lw,1
https://www.youtube.com/user/CinemaSins/videos,https://www.youtube.com/watch?v=5X9Z5ttP10E,1
https://www.youtube.com/user/CinemaSins/videos,https://www.youtube.com/watch?v=W529m44OT0Y,1
https://www.youtube.com/user/CinemaSins/videos,https://www.youtube.com/watch?v=zs4ELJwA5D8,1
https://www.youtube.com/user/CinemaSins/videos,https://www.youtube.com/watch?v=DfjIZmzKysM,1
https://www.youtube.com/user/CinemaSins/videos,https://www.youtube.com/watch?v=deMGCdOZS-Y,1
https://www.youtube.com/user/CinemaSins/videos,https://www.youtube.com/watch?v=DcGwPBN4_Ec,1
https://www.youtube.com/user/CinemaSins/videos,https://www.youtube.com/watch?v=q0m3MVmr8eM,1
https://www.youtube.com/user/CinemaSins/videos,https://www.youtube.com/watch?v=CUDyr9b8aKY,1
https://www.youtube.com/user/CinemaSins/videos,https://www.youtube.com/watch?v=DcGwPBN4_Ec,1
https://www.youtube.com/user/CinemaSins/videos,https://www.youtube.com/watch?v=FoY89L5iFPQ,1
https://www.youtube.com/user/CinemaSins/videos,https://www.youtube.com/watch?v=W529m44OT0Y,1
https://www.youtube.com/user/CinemaSins/videos,https://www.youtube.com/watch?v=1gElet5V6jQ,1
https://www.youtube.com/user/CinemaSins/videos,https://www.youtube.com/watch?v=W7wkO6ulo0k,1
https://www.youtube.com/user/CinemaSins/videos,https://www.youtube.com/watch?v=W529m44OT0Y,1
https://www.youtube.com/user/CinemaSins/videos,https://www.youtube.com/watch?v=aseb08zXLeg,1
https://www.youtube.com/user/CinemaSins/videos,https://www.youtube.com/watch?v=gpDRLXY8b2Y,1
https://www.youtube.com/user/CinemaSins/videos,https://www.youtube.com/watch?v=zXSmZhr6_uQ,1
https://www.youtube.com/user/CinemaSins/videos,https://www.youtube.com/watch?v=Hw4kbo2K6lw,1
https://www.youtube.com/user/CinemaSins/videos,https://www.youtube.com/watch?v=hTQRg8-VvC8,1
https://www.youtube.com/user/CinemaSins/videos,https://www.youtube.com/watch?v=OEDGBPjXe44,1
https://www.youtube.com/user/CinemaSins/videos,https://www.youtube.com/watch?v=W529m44OT0Y,1
https://www.youtube.com/user/CinemaSins/videos,https://www.youtube.com/watch?v=OEDGBPjXe44,1
https://www.youtube.com/user/CinemaSins/videos,https://www.youtube.com/watch?v=f7K-OqL_P58,1
https://www.youtube.com/user/CinemaSins/videos,https://www.youtube.com/watch?v=jjM9E6d42-M,1
https://www.youtube.com/user/CinemaSins/videos,https://www.youtube.com/watch?v=H6QhjZUM_1k,1
https://www.youtube.com/user/CinemaSins/videos,https://www.youtube.com/watch?v=Soon7FB8Hro,1
https://www.youtube.com/user/CinemaSins/videos,https://www.youtube.com/watch?v=Xoe1p_NrFwg,1
https://www.youtube.com/user/CinemaSins/videos,https://www.youtube.com/watch?v=DcGwPBN4_Ec,1
https://www.youtube.com/user/CinemaSins/videos,https://www.youtube.com/watch?v=NbufQhdXw20,1
https://www.youtube.com/user/CinemaSins/videos,https://www.youtube.com/watch?v=AlGixkdKm_Y,1
https://www.youtube.com/user/CinemaSins/videos,https://www.youtube.com/watch?v=W529m44OT0Y,1
https://www.youtube.com/user/CinemaSins/videos,https://www.youtube.com/watch?v=FZ7rIFGuGMk,1
https://www.youtube.com/user/CinemaSins/videos,https://www.youtube.com/watch?v=1gElet5V6jQ,1
https://www.youtube.com/user/CinemaSins/videos,https://www.youtube.com/watch?v=CUDyr9b8aKY,1
https://www.youtube.com/user/CinemaSins/videos,https://www.youtube.com/watch?v=uuCo7mHUQJs,1
https://www.youtube.com/user/CinemaSins/videos,https://www.youtube.com/watch?v=nwJnyzHJ53A,1
https://www.youtube.com/user/CinemaSins/videos,https://www.youtube.com/watch?v=X5tSpgU96WY,1
https://www.youtube.com/user/CinemaSins/videos,https://www.youtube.com/watch?v=Q69xwIb47HI,1
https://www.youtube.com/user/CinemaSins/videos,https://www.youtube.com/watch?v=M3Y_B7fNmjA,1
https://www.youtube.com/user/CinemaSins/videos,https://www.youtube.com/watch?v=_ZwCVCaegWI,1
https://www.youtube.com/user/CinemaSins/videos,https://www.youtube.com/watch?v=OEDGBPjXe44,1
https://www.youtube.com/user/CinemaSins/videos,https://www.youtube.com/watch?v=ozKADV__1X4,1
https://www.youtube.com/user/CinemaSins/videos,https://www.youtube.com/watch?v=NH5YLq412Wc,1
https://www.youtube.com/user/CinemaSins/videos,https://www.youtube.com/watch?v=KSKJKLmAqpI,1
https://www.youtube.com/user/CinemaSins/videos,https://www.youtube.com/watch?v=GKuHdd_-m6M,1
https://www.youtube.com/user/CinemaSins/videos,https://www.youtube.com/watch?v=dNIdbLabtlE,1
https://www.youtube.com/user/CinemaSins/videos,https://www.youtube.com/watch?v=CUDyr9b8aKY,1
https://www.youtube.com/user/CinemaSins/videos,https://www.youtube.com/watch?v=vZy8D4B8LLs,1
https://www.youtube.com/user/CinemaSins/videos,https://www.youtube.com/watch?v=Q69xwIb47HI,1
https://www.youtube.com/user/CinemaSins/videos,https://www.youtube.com/watch?v=uuCo7mHUQJs,1
https://www.youtube.com/user/CinemaSins/videos,https://www.youtube.com/watch?v=CDdKgvgHOO4,1
https://www.youtube.com/user/CinemaSins/videos,https://www.youtube.com/watch?v=W529m44OT0Y,1
https://www.youtube.com/user/CinemaSins/videos,https://www.youtube.com/watch?v=rv3SRQ8zEDM,1
https://www.youtube.com/user/CinemaSins/videos,https://www.youtube.com/watch?v=b39Vj_QbZr8,1
https://www.youtube.com/user/CinemaSins/videos,https://www.youtube.com/watch?v=oGeBem72R3Y,1
https://www.youtube.com/user/CinemaSins/videos,https://www.youtube.com/watch?v=yxAXZGOzEg8,1
https://www.youtube.com/user/CinemaSins/videos,https://www.youtube.com/watch?v=szY9hUdCZek,1
https://www.youtube.com/user/CinemaSins/videos,https://www.youtube.com/watch?v=CUDyr9b8aKY,1
https://www.youtube.com/user/CinemaSins/videos,https://www.youtube.com/watch?v=XNMocrw-E54,1
https://www.youtube.com/user/CinemaSins/videos,https://www.youtube.com/watch?v=M0ABuvKioxY,1
https://www.youtube.com/user/CinemaSins/videos,https://www.youtube.com/watch?v=uuCo7mHUQJs,1
https://www.youtube.com/user/CinemaSins/videos,https://www.youtube.com/watch?v=CUDyr9b8aKY,1
https://www.youtube.com/user/CinemaSins/videos,https://www.youtube.com/watch?v=uuCo7mHUQJs,1
https://www.youtube.com/user/CinemaSins/videos,https://www.youtube.com/watch?v=m0TGcvtzjUs,1
https://www.youtube.com/user/CinemaSins/videos,https://www.youtube.com/watch?v=QYouL4GBu5c,1
https://www.youtube.com/user/CinemaSins/videos,https://www.youtube.com/watch?v=M3Y_B7fNmjA,1
https://www.youtube.com/user/CinemaSins/videos,https://www.youtube.com/watch?v=uuCo7mHUQJs,1
https://www.youtube.com/user/CinemaSins/videos,https://www.youtube.com/watch?v=M3Y_B7fNmjA,1
https://www.youtube.com/user/CinemaSins/videos,https://www.youtube.com/watch?v=M3Y_B7fNmjA,1
https://www.youtube.com/user/CinemaSins/videos,https://www.youtube.com/watch?v=uuCo7mHUQJs,1
https://www.youtube.com/user/CinemaSins/videos,https://www.youtube.com/watch?v=IX7JTmv6TYw,1
https://www.youtube.com/user/CinemaSins/videos,https://www.youtube.com/watch?v=OEDGBPjXe44,1
https://www.youtube.com/user/CinemaSins/videos,https://www.youtube.com/watch?v=KSKJKLmAqpI,1
https://www.youtube.com/user/CinemaSins/videos,https://www.youtube.com/watch?v=zs4ELJwA5D8,1
https://www.youtube.com/user/CinemaSins/videos,https://www.youtube.com/watch?v=H6QhjZUM_1k,1
https://www.youtube.com/user/CinemaSins/videos,https://www.youtube.com/watch?v=-mQ73_3XnAM,1
https://www.youtube.com/user/CinemaSins/videos,https://www.youtube.com/watch?v=mxcVMGK8LyQ,1
https://www.youtube.com/user/CinemaSins/videos,https://www.youtube.com/watch?v=W529m44OT0Y,1
https://www.youtube.com/user/CinemaSins/videos,https://www.youtube.com/watch?v=uuCo7mHUQJs,1
https://www.youtube.com/user/CinemaSins/videos,https://www.youtube.com/watch?v=LtsKsz5mGuo,1
https://www.youtube.com/user/CinemaSins/videos,https://www.youtube.com/watch?v=E8dcU5ntebA,1
https://www.youtube.com/user/CinemaSins/videos,https://www.youtube.com/watch?v=M3Y_B7fNmjA,1
https://www.youtube.com/user/CinemaSins/videos,https://www.youtube.com/watch?v=2lRYb7tPKHE,1
https://www.youtube.com/user/CinemaSins/videos,https://www.youtube.com/watch?v=uuCo7mHUQJs,1
https://www.youtube.com/user/CinemaSins/videos,https://www.youtube.com/watch?v=uuCo7mHUQJs,1
https://www.youtube.com/user/CinemaSins/videos,https://www.youtube.com/watch?v=3NMKYRcaaYs,1
https://www.youtube.com/user/CinemaSins/videos,https://www.youtube.com/watch?v=wZ9Em2K1W_k,1
https://www.youtube.com/user/CinemaSins/videos,https://www.youtube.com/watch?v=nrln8zrAlVI,1
https://www.youtube.com/user/CinemaSins/videos,https://www.youtube.com/watch?v=Z_vvCIcJuSI,1
https://www.youtube.com/user/CinemaSins/videos,https://www.youtube.com/watch?v=OEDGBPjXe44,1
https://www.youtube.com/user/CinemaSins/videos,https://www.youtube.com/watch?v=KSKJKLmAqpI,1
https://www.youtube.com/user/CinemaSins/videos,https://www.youtube.com/watch?v=pCve1w1GFOs,1
https://www.youtube.com/user/CinemaSins/videos,https://www.youtube.com/watch?v=deMGCdOZS-Y,1
https://www.youtube.com/user/CinemaSins/videos,https://www.youtube.com/watch?v=I0v2cYyh2dk,1
https://www.youtube.com/user/CinemaSins/videos,https://www.youtube.com/watch?v=W529m44OT0Y,1
https://www.youtube.com/user/CinemaSins/videos,https://www.youtube.com/watch?v=Z_vvCIcJuSI,1
https://www.youtube.com/user/CinemaSins/videos,https://www.youtube.com/watch?v=WYTAdDJ75vk,1
https://www.youtube.com/user/CinemaSins/videos,https://www.youtube.com/watch?v=KSKJKLmAqpI,1
https://www.youtube.com/user/CinemaSins/videos,https://www.youtube.com/watch?v=GMpA-WBMEiI,1
https://www.youtube.com/user/CinemaSins/videos,https://www.youtube.com/watch?v=NH5YLq412Wc,1
https://www.youtube.com/user/CinemaSins/videos,https://www.youtube.com/watch?v=X5tSpgU96WY,1
https://www.youtube.com/user/CinemaSins/videos,https://www.youtube.com/watch?v=M3Y_B7fNmjA,1
https://www.youtube.com/user/CinemaSins/videos,https://www.youtube.com/watch?v=GJjeqW3CRXU,1
https://www.youtube.com/user/CinemaSins/videos,https://www.youtube.com/watch?v=Z_vvCIcJuSI,1
https://www.youtube.com/user/CinemaSins/videos,https://www.youtube.com/watch?v=OiDMJ-MstqQ,1
https://www.youtube.com/user/CinemaSins/videos,https://www.youtube.com/watch?v=CTkiX7wuhOk,1
https://www.youtube.com/user/CinemaSins/videos,https://www.youtube.com/watch?v=NbufQhdXw20,1
https://www.youtube.com/user/CinemaSins/videos,https://www.youtube.com/watch?v=Hw4kbo2K6lw,1
https://www.youtube.com/user/CinemaSins/videos,https://www.youtube.com/watch?v=Z_vvCIcJuSI,1
https://www.youtube.com/user/CinemaSins/videos,https://www.youtube.com/watch?v=Z_vvCIcJuSI,1
https://www.youtube.com/user/CinemaSins/videos,https://www.youtube.com/watch?v=W529m44OT0Y,1
https://www.youtube.com/user/CinemaSins/videos,https://www.youtube.com/watch?v=QYouL4GBu5c,1
https://www.youtube.com/user/CinemaSins/videos,https://www.youtube.com/watch?v=eDKvO5jspI0,1
https://www.youtube.com/user/CinemaSins/videos,https://www.youtube.com/watch?v=bOP5Xe0nD58,1
https://www.youtube.com/user/CinemaSins/videos,https://www.youtube.com/watch?v=OEDGBPjXe44,1
https://www.youtube.com/user/CinemaSins/videos,https://www.youtube.com/watch?v=vZy8D4B8LLs,1
https://www.youtube.com/user/CinemaSins/videos,https://www.youtube.com/watch?v=OEDGBPjXe44,1
https://www.youtube.com/user/CinemaSins/videos,https://www.youtube.com/watch?v=vetKTtM7YyU,1
https://www.youtube.com/user/CinemaSins/videos,https://www.youtube.com/watch?v=uuCo7mHUQJs,1
https://www.youtube.com/user/CinemaSins/videos,https://www.youtube.com/watch?v=1gElet5V6jQ,1
https://www.youtube.com/user/CinemaSins/videos,https://www.youtube.com/watch?v=CDdKgvgHOO4,1
https://www.youtube.com/user/CinemaSins/videos,https://www.youtube.com/watch?v=NbufQhdXw20,1
https://www.youtube.com/user/CinemaSins/videos,https://www.youtube.com/watch?v=M3Y_B7fNmjA,1
https://www.youtube.com/user/CinemaSins/videos,https://www.youtube.com/watch?v=FbWOEpLFYbU,1
https://www.youtube.com/user/CinemaSins/videos,https://www.youtube.com/watch?v=FbWOEpLFYbU,1
https://www.youtube.com/user/CinemaSins/videos,https://www.youtube.com/watch?v=CTkiX7wuhOk,1
https://www.youtube.com/user/CinemaSins/videos,https://www.youtube.com/watch?v=Hw4kbo2K6lw,1
https://www.youtube.com/user/CinemaSins/videos,https://www.youtube.com/watch?v=hHW1oY26kxQ,1
https://www.youtube.com/user/CinemaSins/videos,https://www.youtube.com/watch?v=7-9siP1qkGI,1
https://www.youtube.com/user/CinemaSins/videos,https://www.youtube.com/watch?v=DBJIpwDfOeo,1
https://www.youtube.com/user/CinemaSins/videos,https://www.youtube.com/watch?v=IW3lUAevFZs,1
https://www.youtube.com/user/CinemaSins/videos,https://www.youtube.com/watch?v=DcGwPBN4_Ec,1
https://www.youtube.com/user/CinemaSins/videos,https://www.youtube.com/watch?v=NbufQhdXw20,1
https://www.youtube.com/user/CinemaSins/videos,https://www.youtube.com/watch?v=AlGixkdKm_Y,1
https://www.youtube.com/user/CinemaSins/videos,https://www.youtube.com/watch?v=QZ6KIK7taGc,1
https://www.youtube.com/user/CinemaSins/videos,https://www.youtube.com/watch?v=r5Kd7ltWS9w,1
https://www.youtube.com/user/CinemaSins/videos,https://www.youtube.com/watch?v=FZ7rIFGuGMk,1
https://www.youtube.com/user/CinemaSins/videos,https://www.youtube.com/watch?v=NbufQhdXw20,1
https://www.youtube.com/user/CinemaSins/videos,https://www.youtube.com/watch?v=uuCo7mHUQJs,1
https://www.youtube.com/user/CinemaSins/videos,https://www.youtube.com/watch?v=IX7JTmv6TYw,1
https://www.youtube.com/user/CinemaSins/videos,https://www.youtube.com/watch?v=wBhgjMH_6A4,1
https://www.youtube.com/user/CinemaSins/videos,https://www.youtube.com/watch?v=1Q5gFJeN_WM,1
https://www.youtube.com/user/CinemaSins/videos,https://www.youtube.com/watch?v=yxAXZGOzEg8,1
https://www.youtube.com/user/CinemaSins/videos,https://www.youtube.com/watch?v=uuCo7mHUQJs,1
https://www.youtube.com/user/CinemaSins/videos,https://www.youtube.com/watch?v=uuCo7mHUQJs,1
https://www.youtube.com/user/CinemaSins/videos,https://www.youtube.com/watch?v=WYTAdDJ75vk,1
https://www.youtube.com/user/CinemaSins/videos,https://www.youtube.com/watch?v=uuCo7mHUQJs,1
https://www.youtube.com/user/CinemaSins/videos,https://www.youtube.com/watch?v=uuCo7mHUQJs,1
https://www.youtube.com/user/CinemaSins/videos,https://www.youtube.com/watch?v=W529m44OT0Y,1
https://www.youtube.com/user/CinemaSins/videos,https://www.youtube.com/watch?v=jz_gA1IjDW4,1
https://www.youtube.com/user/CinemaSins/videos,https://www.youtube.com/watch?v=XJCSzaZpJoQ,1
https://www.youtube.com/user/CinemaSins/videos,https://www.youtube.com/watch?v=IX7JTmv6TYw,1
https://www.youtube.com/user/CinemaSins/videos,https://www.youtube.com/watch?v=px4lYaUvix8,1
https://www.youtube.com/user/CinemaSins/videos,https://www.youtube.com/watch?v=7gfy_MW2v6Y,1
https://www.youtube.com/user/CinemaSins/videos,https://www.youtube.com/watch?v=QYouL4GBu5c,1
https://www.youtube.com/user/CinemaSins/videos,https://www.youtube.com/watch?v=HUU9rzYWC-o,1
https://www.youtube.com/user/CinemaSins/videos,https://www.youtube.com/watch?v=bIvqhdoZzo8,1
https://www.youtube.com/user/CinemaSins/videos,https://www.youtube.com/watch?v=W529m44OT0Y,1
https://www.youtube.com/user/CinemaSins/videos,https://www.youtube.com/watch?v=DcGwPBN4_Ec,1
https://www.youtube.com/user/CinemaSins/videos,https://www.youtube.com/watch?v=TUcDvENAVtg,1
https://www.youtube.com/user/CinemaSins/videos,https://www.youtube.com/watch?v=WfB_JyAr5tE,1
https://www.youtube.com/user/CinemaSins/videos,https://www.youtube.com/watch?v=KSKJKLmAqpI,1
https://www.youtube.com/user/CinemaSins/videos,https://www.youtube.com/watch?v=OEDGBPjXe44,1
https://www.youtube.com/user/CinemaSins/videos,https://www.youtube.com/watch?v=OgbJ6_2oqpU,1
https://www.youtube.com/user/CinemaSins/videos,https://www.youtube.com/watch?v=FbWOEpLFYbU,1
https://www.youtube.com/user/CinemaSins/videos,https://www.youtube.com/watch?v=AtZprMlEJVs,1
https://www.youtube.com/user/CinemaSins/videos,https://www.youtube.com/watch?v=Z_vvCIcJuSI,1
https://www.youtube.com/user/CinemaSins/videos,https://www.youtube.com/watch?v=WYTAdDJ75vk,1
https://www.youtube.com/user/CinemaSins/videos,https://www.youtube.com/watch?v=WYTAdDJ75vk,1
https://www.youtube.com/user/CinemaSins/videos,https://www.youtube.com/watch?v=Z_vvCIcJuSI,1
https://www.youtube.com/user/CinemaSins/videos,https://www.youtube.com/watch?v=FZ7rIFGuGMk,1
https://www.youtube.com/user/CinemaSins/videos,https://www.youtube.com/watch?v=zs4ELJwA5D8,1
https://www.youtube.com/user/CinemaSins/videos,https://www.youtube.com/watch?v=7-9siP1qkGI,1
https://www.youtube.com/user/CinemaSins/videos,https://www.youtube.com/watch?v=OiDMJ-MstqQ,1
https://www.youtube.com/user/CinemaSins/videos,https://www.youtube.com/watch?v=QZ6KIK7taGc,1
https://www.youtube.com/user/CinemaSins/videos,https://www.youtube.com/watch?v=Pn2N49JUzUg,1
https://www.youtube.com/user/CinemaSins/videos,https://www.youtube.com/watch?v=W529m44OT0Y,1
https://www.youtube.com/user/CinemaSins/videos,https://www.youtube.com/watch?v=In0CU7P_970,1
https://www.youtube.com/user/CinemaSins/videos,https://www.youtube.com/watch?v=Z_vvCIcJuSI,1
https://www.youtube.com/user/CinemaSins/videos,https://www.youtube.com/watch?v=OgbJ6_2oqpU,1
https://www.youtube.com/user/CinemaSins/videos,https://www.youtube.com/watch?v=W529m44OT0Y,1
https://www.youtube.com/user/CinemaSins/videos,https://www.youtube.com/watch?v=M3Y_B7fNmjA,1
https://www.youtube.com/user/CinemaSins/videos,https://www.youtube.com/watch?v=M3Y_B7fNmjA,1
https://www.youtube.com/user/CinemaSins/videos,https://www.youtube.com/watch?v=WYTAdDJ75vk,1
https://www.youtube.com/user/CinemaSins/videos,https://www.youtube.com/watch?v=CUDyr9b8aKY,1
https://www.youtube.com/user/CinemaSins/videos,https://www.youtube.com/watch?v=CUDyr9b8aKY,1
https://www.youtube.com/user/CinemaSins/videos,https://www.youtube.com/watch?v=uSmMyvljisc,1
https://www.youtube.com/user/CinemaSins/videos,https://www.youtube.com/watch?v=H6QhjZUM_1k,1
https://www.youtube.com/user/CinemaSins/videos,https://www.youtube.com/watch?v=M3Y_B7fNmjA,1
https://www.youtube.com/user/CinemaSins/videos,https://www.youtube.com/watch?v=Q69xwIb47HI,1
https://www.youtube.com/user/CinemaSins/videos,https://www.youtube.com/watch?v=_Z3qgRvMHCU,1
https://www.youtube.com/user/CinemaSins/videos,https://www.youtube.com/watch?v=M3Y_B7fNmjA,1
https://www.youtube.com/user/CinemaSins/videos,https://www.youtube.com/watch?v=Z_vvCIcJuSI,1
https://www.youtube.com/user/CinemaSins/videos,https://www.youtube.com/watch?v=W7wkO6ulo0k,1
https://www.youtube.com/user/CinemaSins/videos,https://www.youtube.com/watch?v=fAhWzC7kEeg,1
https://www.youtube.com/user/CinemaSins/videos,https://www.youtube.com/watch?v=FbWOEpLFYbU,1
https://www.youtube.com/user/CinemaSins/videos,https://www.youtube.com/watch?v=QoiEbK2K5G4,1
https://www.youtube.com/user/CinemaSins/videos,https://www.youtube.com/watch?v=1gElet5V6jQ,1
https://www.youtube.com/user/CinemaSins/videos,https://www.youtube.com/watch?v=a1ACsKff_sY,1
https://www.youtube.com/user/CinemaSins/videos,https://www.youtube.com/watch?v=IX7JTmv6TYw,1
https://www.youtube.com/user/CinemaSins/videos,https://www.youtube.com/watch?v=jz_gA1IjDW4,1
https://www.youtube.com/user/CinemaSins/videos,https://www.youtube.com/watch?v=KSKJKLmAqpI,1
https://www.youtube.com/user/CinemaSins/videos,https://www.youtube.com/watch?v=r5Kd7ltWS9w,1
https://www.youtube.com/user/CinemaSins/videos,https://www.youtube.com/watch?v=Z_vvCIcJuSI,1
https://www.youtube.com/user/CinemaSins/videos,https://www.youtube.com/watch?v=GMpA-WBMEiI,1
https://www.youtube.com/user/CinemaSins/videos,https://www.youtube.com/watch?v=ERMgSbeGsnw,1
https://www.youtube.com/user/CinemaSins/videos,https://www.youtube.com/watch?v=Z_vvCIcJuSI,1
https://www.youtube.com/user/CinemaSins/videos,https://www.youtube.com/watch?v=Ak9VZkdlS9g,1
https://www.youtube.com/user/CinemaSins/videos,https://www.youtube.com/watch?v=uuCo7mHUQJs,1
https://www.youtube.com/user/CinemaSins/videos,https://www.youtube.com/watch?v=OEDGBPjXe44,1
https://www.youtube.com/user/CinemaSins/videos,https://www.youtube.com/watch?v=AlGixkdKm_Y,1
https://www.youtube.com/user/CinemaSins/videos,https://www.youtube.com/watch?v=H6QhjZUM_1k,1
https://www.youtube.com/user/CinemaSins/videos,https://www.youtube.com/watch?v=OiDMJ-MstqQ,1
https://www.youtube.com/user/CinemaSins/videos,https://www.youtube.com/watch?v=AohOD6F_rwA,1
